config,roll_deg,pitch_deg,yaw_deg,tx_m,ty_m,tz_m,points_inside_fov,fov_ratio_pct,mean_pixel_shift,p95_pixel_shift,max_pixel_shift,box_retention_all_pct,box_retention_near_pct,box_retention_far_pct,edge_alignment_score,latency_p50_ms,latency_p95_ms,dataset
baseline_0.0,0.0,0.0,0.0,0,0.0,0.0,19946,18.47,0.0,0.0,0.0,100.0,100.0,100.0,0.3582,12.01,14.07,KITTI (64-beam)
yaw_+0.5deg,0.0,0.0,0.5,0,0.0,0.0,19946,18.47,7.73,10.39,11.38,85.81,88.31,84.69,0.3616,12.01,14.07,KITTI (64-beam)
yaw_+1.0deg,0.0,0.0,1.0,0,0.0,0.0,19952,18.47,15.42,20.66,22.59,71.07,76.1,67.5,0.3607,12.01,14.07,KITTI (64-beam)
yaw_+1.5deg,0.0,0.0,1.5,0,0.0,0.0,19950,18.47,23.08,30.77,33.63,58.29,64.85,56.56,0.3612,12.01,14.07,KITTI (64-beam)
yaw_+2.0deg,0.0,0.0,2.0,0,0.0,0.0,19963,18.48,30.7,40.73,44.51,47.36,53.33,48.44,0.3608,12.01,14.07,KITTI (64-beam)
yaw_+3.0deg,0.0,0.0,3.0,0,0.0,0.0,19948,18.47,45.83,60.39,65.81,26.23,28.14,31.87,0.3623,12.01,14.07,KITTI (64-beam)
yaw_-1.0deg,0.0,0.0,-1.0,0,0.0,0.0,19933,18.46,15.43,20.69,22.6,68.98,74.63,62.19,0.3563,12.01,14.07,KITTI (64-beam)
pitch_+1.0deg,0.0,1.0,0.0,0,0.0,0.0,19060,17.65,13.13,14.0,14.58,85.32,89.78,69.38,0.3308,12.01,14.07,KITTI (64-beam)
pitch_+2.0deg,0.0,2.0,0.0,0,0.0,0.0,18145,16.8,26.22,27.81,28.95,70.27,79.65,40.0,0.3041,12.01,14.07,KITTI (64-beam)
roll_+1.0deg,1.0,0.0,0.0,0,0.0,0.0,19951,18.47,5.26,10.11,11.31,91.4,90.91,96.25,0.357,12.01,14.07,KITTI (64-beam)
roll_+2.0deg,2.0,0.0,0.0,0,0.0,0.0,19925,18.45,10.47,20.16,22.61,85.44,85.54,90.31,0.3578,12.01,14.07,KITTI (64-beam)
trans_dy_+0.05m,0.0,0.0,0.0,0,0.05,0.0,19939,18.46,2.96,5.91,7.61,95.33,95.15,97.81,0.359,12.01,14.07,KITTI (64-beam)
trans_dy_+0.10m,0.0,0.0,0.0,0,0.1,0.0,19926,18.45,5.91,11.76,15.21,91.22,91.17,95.0,0.3587,12.01,14.07,KITTI (64-beam)
trans_dz_+0.10m,0.0,0.0,0.0,0,0.0,0.1,20808,19.27,5.94,11.89,15.23,96.5,96.28,99.06,0.361,12.01,14.07,KITTI (64-beam)
baseline_0.0,0.0,0.0,0.0,0,0.0,0.0,3120,8.99,0.0,0.0,0.0,100.0,100.0,100.0,0.1274,3.27,3.53,nuScenes (32-beam)
yaw_+0.5deg,0.0,0.0,0.5,0,0.0,0.0,3126,9.0,12.92,15.32,16.75,88.03,0.0,91.56,0.1258,3.27,3.53,nuScenes (32-beam)
yaw_+1.0deg,0.0,0.0,1.0,0,0.0,0.0,3125,9.0,25.78,30.51,33.42,80.77,0.0,84.0,0.1305,3.27,3.53,nuScenes (32-beam)
yaw_+1.5deg,0.0,0.0,1.5,0,0.0,0.0,3130,9.01,38.6,45.57,49.62,74.79,0.0,77.78,0.1285,3.27,3.53,nuScenes (32-beam)
yaw_+2.0deg,0.0,0.0,2.0,0,0.0,0.0,3126,9.0,51.36,60.4,66.05,67.52,0.0,70.22,0.1298,3.27,3.53,nuScenes (32-beam)
yaw_+3.0deg,0.0,0.0,3.0,0,0.0,0.0,3133,9.02,76.76,89.84,97.89,57.26,0.0,59.56,0.1275,3.27,3.53,nuScenes (32-beam)
yaw_-1.0deg,0.0,0.0,-1.0,0,0.0,0.0,3114,8.97,25.77,30.48,33.44,77.78,18.18,80.89,0.1317,3.27,3.53,nuScenes (32-beam)
pitch_+1.0deg,0.0,1.0,0.0,0,0.0,0.0,3131,9.02,8.37,13.86,16.11,82.91,63.64,83.56,0.1334,3.27,3.53,nuScenes (32-beam)
pitch_+2.0deg,0.0,2.0,0.0,0,0.0,0.0,3125,9.0,16.67,27.61,32.2,76.92,45.45,78.22,0.1364,3.27,3.53,nuScenes (32-beam)
roll_+1.0deg,1.0,0.0,0.0,0,0.0,0.0,3256,9.38,23.49,26.5,27.35,76.92,81.82,76.44,0.1364,3.27,3.53,nuScenes (32-beam)
roll_+2.0deg,2.0,0.0,0.0,0,0.0,0.0,3373,9.71,46.89,52.65,54.31,50.43,45.45,50.67,0.1517,3.27,3.53,nuScenes (32-beam)
trans_dy_+0.05m,0.0,0.0,0.0,0,0.05,0.0,3144,9.06,2.06,5.77,8.86,98.72,72.73,100.0,0.1259,3.27,3.53,nuScenes (32-beam)
trans_dy_+0.10m,0.0,0.0,0.0,0,0.1,0.0,3169,9.13,4.09,11.43,17.53,97.86,54.55,100.0,0.1258,3.27,3.53,nuScenes (32-beam)
trans_dz_+0.10m,0.0,0.0,0.0,0,0.0,0.1,3264,9.4,11.19,25.67,28.4,95.3,90.91,95.56,0.125,3.27,3.53,nuScenes (32-beam)
